{
  "2": {
    "N": [
      5,
      6,
      9,
      13,
      18,
      25,
      35,
      49,
      68,
      94,
      131,
      182,
      253,
      351,
      487,
      675,
      937,
      1299,
      1802,
      2499
    ],
    "Cn": [
      3.5714285714285716,
      4.0,
      4.999999999999999,
      5.909090909090909,
      6.666666666666667,
      7.352941176470588,
      7.954545454545456,
      8.448275862068966,
      8.831168831168831,
      9.12621359223301,
      9.357142857142854,
      9.528795811518323,
      9.656488549618324,
      9.75,
      9.818548387096776,
      9.868421052631575,
      9.904862579281183,
      9.931192660550462,
      9.950303699613475,
      9.964114832535884
    ],
    "C01": [
      3.571428571428571,
      4.0,
      4.999999999999998,
      5.909090909090909,
      6.666666666666667,
      7.352941176470588,
      7.954545454545455,
      8.448275862068966,
      8.83116883116883,
      9.12621359223301,
      9.357142857142858,
      9.528795811518323,
      9.656488549618324,
      9.75,
      9.818548387096778,
      9.868421052631577,
      9.904862579281183,
      9.93119266055046,
      9.950303699613475,
      9.964114832535884
    ]
  },
  "3": {
    "N": [
      5,
      6,
      9,
      13,
      18,
      25,
      35,
      49,
      68,
      94,
      131,
      182,
      253,
      351,
      487,
      675,
      937,
      1299,
      1802,
      2499
    ],
    "Cn": [
      2.1987627756858528,
      2.9632455456631277,
      5.313571592767095,
      8.36633125142534,
      11.880045497847822,
      16.217297817619343,
      21.44461555369486,
      27.370912877009534,
      33.670862121071856,
      40.22938449921813,
      47.08737239236764,
      53.80375785048007,
      60.25963837374829,
      66.25009752423699,
      71.70592242783864,
      76.54750477713272,
      80.78988337609633,
      84.40866308806962,
      87.46474054321766,
      90.00156020720283
    ],
    "C01": [
      2.2166020792394416,
      2.9712375536551354,
      5.314599976148418,
      8.366450046224688,
      11.88005972211834,
      16.217299219481134,
      21.44461566589973,
      27.370912884943024,
      33.67086212161928,
      40.22938449925448,
      47.08737239236979,
      53.803757850480196,
      60.25963837374829,
      66.25009752423699,
      71.70592242783864,
      76.54750477713273,
      80.78988337609633,
      84.40866308806963,
      87.46474054321766,
      90.00156020720283
    ]
  },
  "4": {
    "N": [
      5,
      6,
      9,
      13,
      18,
      25,
      35,
      49,
      68,
      94,
      131,
      182,
      253,
      351,
      487,
      675,
      937,
      1299,
      1802,
      2499
    ],
    "Cn": [
      0.23277739425228294,
      0.4159259489593491,
      1.2130556452356642,
      2.743422955062512,
      5.1743028162941815,
      9.17545107786173,
      15.54472678554455,
      24.997453871863687,
      37.97811205243754,
      55.222465356040246,
      78.13433388461571,
      106.54793584867227,
      140.94369604772777,
      180.93314385936046,
      226.30739377763453,
      276.169458694117,
      329.9284026226952,
      385.946619374576,
      443.26926028984997,
      500.45142786902204
    ],
    "C01": [
      0.5437813802214136,
      0.7904607740052014,
      1.7353840275406849,
      3.372839164609156,
      5.852090201206796,
      9.850388853550488,
      16.1702901056502,
      25.543104561974594,
      38.43371868242886,
      55.590167687956715,
      78.42111217845013,
      106.76727124339138,
      141.1086580356019,
      181.05594381182817,
      226.39800053644657,
      276.23594833495946,
      329.97689575833436,
      385.9819111600837,
      443.29486535445767,
      500.4699774149984
    ]
  },
  "5": {
    "N": [
      5,
      6,
      9,
      13,
      18,
      25,
      35,
      49,
      68,
      94,
      131,
      182,
      253,
      351,
      487,
      675,
      937,
      1299,
      1802,
      2499
    ],
    "Cn": [
      0.004208933296374781,
      0.012603673882001402,
      0.07022231810060964,
      0.24144489055744583,
      0.6245765752877642,
      1.4766524627116098,
      3.283925055814362,
      6.812723693344722,
      13.08211302605663,
      23.695579971165415,
      41.53736406673254,
      69.33613377554929,
      111.26957825104131,
      171.57902899738062,
      255.66395296021736,
      368.5296836250567,
      516.4215450652731,
      702.8063261062315,
      932.3642740556559,
      1206.7510681988003
    ],
    "C01": [
      0.10656131256488824,
      0.15853363089110717,
      0.37140734982214485,
      0.7801137226923287,
      1.4743936461148315,
      2.751847522281939,
      5.1105478860683995,
      9.283672331737067,
      16.221043816918353,
      27.469111604099467,
      45.86467014403942,
      74.05716430034067,
      116.19605553656285,
      176.51634971686778,
      260.4378499127272,
      373.0020778666668,
      520.4942102609608,
      706.4263990413256,
      935.5129273938688,
      1209.4391836243794
    ]
  },
  "6": {
    "N": [
      5,
      6,
      9,
      13,
      18,
      25,
      35,
      49,
      68,
      94,
      131,
      182,
      253,
      351,
      487,
      675,
      937,
      1299,
      1802,
      2499
    ],
    "Cn": [
      0.0,
      7.568511422052554e-05,
      0.0011794397671012343,
      0.006647508189641391,
      0.024351435871078207,
      0.07828538653239338,
      0.23174527651749727,
      0.6271374869269195,
      1.5372340618783034,
      3.503335486553163,
      7.693234117689804,
      15.909897841098067,
      31.38270527027588,
      58.948982983226244,
      106.21534796527942,
      183.72115548217636,
      307.07652652099057,
      494.8354167577888,
      772.6098363148511,
      1169.4595106422908
    ],
    "C01": [
      0.01974411716339803,
      0.029554243394420837,
      0.0704895224884528,
      0.1514800016443465,
      0.29415301915489117,
      0.5688551051136387,
      1.1067940557390967,
      2.131728362368823,
      3.9936375650872233,
      7.340193874430529,
      13.510052260064601,
      24.334078540423775,
      43.08710409488776,
      74.51763006036586,
      126.0995404019462,
      208.12101417642066,
      335.9353878665759,
      527.751080939667,
      808.925523451873,
      1208.2924342119863
    ]
  },
  "7": {
    "N": [
      5,
      6,
      9,
      13,
      18,
      25,
      35,
      49,
      68,
      94,
      131,
      182,
      253,
      351,
      487,
      675,
      937,
      1299,
      1802,
      2499
    ],
    "Cn": [
      0.0,
      0.0,
      6.156958324878502e-06,
      6.38108222551014e-05,
      0.0003443772024105583,
      0.001538961895023012,
      0.006150198160944873,
      0.0219205371826501,
      0.06907628135905029,
      0.19923404378171,
      0.5510915393493766,
      1.4195461264847196,
      3.46130831115467,
      7.969176231475603,
      17.483862491340556,
      36.57026592645285,
      73.53494673063362,
      141.62407632505898,
      262.8779136025019,
      470.35643181517486
    ],
    "C01": [
      0.0036069108638964787,
      0.0054075157551215286,
      0.01295758949420402,
      0.028016082041330524,
      0.05481187706923628,
      0.10708660931064058,
      0.211306398789406,
      0.41470802665187345,
      0.7958198966014547,
      1.5080145118897321,
      2.887525417752666,
      5.459851189709669,
      10.254764083731054,
      19.00960786757591,
      34.855819846808934,
      62.96981141497944,
      112.38101716185668,
      196.7764497313166,
      338.6124227337568,
      570.9021378042331
    ]
  },
  "8": {
    "N": [
      5,
      6,
      9,
      13,
      18,
      25,
      35,
      49,
      68,
      94,
      131,
      182,
      253,
      351,
      487,
      675,
      937,
      1299,
      1802,
      2499
    ],