{
  "2": {
    "N": [
      5,
      6,
      9,
      13,
      18,
      25,
      35,
      49,
      68,
      94,
      131,
      182,
      253,
      351,
      487,
      675,
      937,
      1299,
      1802,
      2499
    ],
    "Cn": [
      3.0,
      3.2727272727272725,
      3.857142857142857,
      4.333333333333333,
      4.695652173913044,
      5.0,
      5.249999999999999,
      5.444444444444443,
      5.589041095890411,
      5.696969696969698,
      5.779411764705883,
      5.839572192513368,
      5.883720930232558,
      5.915730337078651,
      5.939024390243903,
      5.955882352941177,
      5.968152866242038,
      5.976993865030675,
      5.983397897066963,
      5.988019169329072
    ],
    "C01": [
      3.0,
      3.272727272727273,
      3.8571428571428568,
      4.333333333333333,
      4.695652173913045,
      5.000000000000001,
      5.25,
      5.444444444444443,
      5.58904109589041,
      5.696969696969697,
      5.779411764705881,
      5.839572192513368,
      5.88372093023256,
      5.915730337078651,
      5.939024390243903,
      5.955882352941177,
      5.96815286624204,
      5.976993865030676,
      5.983397897066962,
      5.988019169329073
    ]
  },
  "3": {
    "N": [
      5,
      6,
      9,
      13,
      18,
      25,
      35,
      49,
      68,
      94,
      131,
      182,
      253,
      351,
      487,
      675,
      937,
      1299,
      1802,
      2499
    ],
    "Cn": [
      2.5496031746031744,
      3.295454545454545,
      5.30385997618765,
      7.533052455522178,
      9.780348377771354,
      12.237813333883974,
      14.862884958606344,
      17.502478653232625,
      20.00194024295012,
      22.33407271139816,
      24.530337947346034,
      26.47926640689575,
      28.19055806429558,
      29.65317881716724,
      30.890376464895617,
      31.918078939338116,
      32.7670961010449,
      33.45442230589468,
      34.00865158389662,
      34.45027490283521
    ],
    "C01": [
      2.621031746031745,
      3.337957497048406,
      5.315419844890375,
      7.536087002674373,
      9.781185666042731,
      12.238023851335873,
      14.862932830364747,
      17.502488982580726,
      20.00194247554005,
      22.334073189310864,
      24.530338043687458,
      26.47926642630096,
      28.190558068148743,
      29.65317881793344,
      30.890376465047,
      31.918078939368048,
      32.767096101050754,
      33.45442230589583,
      34.00865158389685,
      34.450274902835254
    ]
  },
  "4": {
    "N": [
      5,
      6,
      9,
      13,
      18,
      25,
      35,
      49,
      68,
      94,
      131,
      182,
      253,
      351,
      487,
      675,
      937,
      1299,
      1802,
      2499
    ],
    "Cn": [
      0.5375364431486879,
      0.9258952498748415,
      2.373114976477523,
      4.6682730805275385,
      7.749977605941188,
      12.078350009474883,
      17.946248499047062,
      25.358301273006546,
      34.05796419581379,
      43.99300956717024,
      55.36913109013187,
      67.56711048201146,
      80.40029787322231,
      93.4360751181287,
      106.43271818285595,
      119.05563862058321,
      131.15535973057436,
      142.43513172293686,
      152.82952497624973,
      162.22773918117173
    ],
    "C01": [
      1.109319322967282,
      1.5534676725328604,
      3.094027477765244,
      5.415141645236927,
      8.467175995286759,
      12.725790832782456,
      18.4986484761865,
      25.80930391013212,
      34.416071433150904,
      44.27118987627913,
      55.57976421381018,
      67.72473149427759,
      80.51694724447071,
      93.52189497987726,
      106.49549757190772,
      119.10142125467209,
      131.18859892438425,
      142.45924284876776,
      152.84697658161593,
      162.24036023964223
    ]
  },
  "5": {
    "N": [
      5,
      6,
      9,
      13,
      18,
      25,
      35,
      49,
      68,
      94,
      131,
      182,
      253,
      351,
      487,
      675,
      937,
      1299,
      1802,
      2499
    ],
    "Cn": [
      0.026030820491461888,
      0.07750085191776152,
      0.38175045296852794,
      1.1133306096352844,
      2.460924967481091,
      4.944026963869953,
      9.283825379022904,
      16.242012858406298,
      26.42058411744586,
      40.67301853276618,
      60.50149954970445,
      86.12352466653765,
      118.31769696906034,
      157.06795084727207,
      202.51384219273984,
      254.09488817429815,
      311.53448113817683,
      373.38660224226396,
      438.8477406439417,
      506.4616162502598
    ],
    "C01": [
      0.3663192435893479,
      0.5346001206572554,
      1.1868310422896287,
      2.3379672913108114,
      4.1176353198460465,
      7.057755146634121,
      11.839462311613179,
      19.163509053876382,
      29.58755988749806,
      43.95563416334483,
      63.77090413974902,
      89.26376649096474,
      121.23869534191934,
      159.71156421348778,
      204.84904469471826,
      256.1155517626285,
      313.24999568738826,
      374.8210081551703,
      440.0302121187,
      507.42491618356934
    ]
  },
  "6": {
    "N": [
      5,
      6,
      9,
      13,
      18,
      25,
      35,
      49,
      68,
      94,
      131,
      182,
      253,
      351,
      487,
      675,
      937,
      1299,
      1802,
      2499
    ],
    "Cn": [
      0.0,
      0.0016903130189260963,
      0.024351353437124718,
      0.11444400027493808,
      0.3487652683762842,
      0.9239956798590807,
      2.232906574733989,
      4.9159961303407504,
      9.836954609938164,
      18.332938810565626,
      32.772244655323604,
      55.36169353963878,
      89.39359350741842,
      138.08130400954246,
      205.41247895159418,
      294.88632093298224,
      410.8231911598506,
      555.2454240981621,
      731.0827605515288,
      938.9670337018538
    ],
    "C01": [
      0.11052589252888821,
      0.1640281146281504,
      0.3816070982811554,
      0.794757021583318,
      1.4878148594838596,
      2.74452796270505,
      5.024913803895944,
      8.980147572974193,
      15.416638139010049,
      25.625346738267595,
      41.94753524624201,
      66.40518502506211,
      102.17527136221739,
      152.33287164449234,
      220.7783178311588,
      310.9477531907783,
      427.1460541035482,
      571.4108704414087,
      746.7203560355614,
      953.775054950699
    ]
  },
  "7": {
    "N": [
      5,
      6,
      9,
      13,
      18,
      25,
      35,
      49,
      68,
      94,
      131,
      182,
      253,
      351,
      487,
      675,
      937,
      1299,
      1802,
      2499
    ],
    "Cn": [
      0.0,
      0.0,
      0.0006409569153232555,
      0.005513858708139888,
      0.024147331402941893,
      0.08628851553823133,
      0.27235392506713574,
      0.7628903312232491,
      1.8948958175154191,
      4.31136902638846,
      9.342689116628478,
      18.89843357822922,
      36.21120991381931,
      65.74354327950464,
      114.05846042171291,
      189.47003179095344,
      303.5287040978301,
      468.37785001179384,
      699.9150778804349,
      1014.0583297995324
    ],
    "C01": [
      0.032235808159547415,
      0.04815657424324053,
      0.11418836636631996,
      0.24355246970098546,
      0.46872517726589663,
      0.8957817622388315,
      1.7157453679829349,
      3.2393539246759167,
      5.924578135157969,
      10.582605200117266,
      18.82034180933074,
      32.60585729365697,
      55.284768047804036,
      91.24844405412674,
      146.95136702342717,
      230.42236841246185,
      352.9191528607272,
      526.0926103214376,
      765.4496091055696,
      1086.4722513338515
    ]
  },
  "8": {
    "N": [
      5,
      6,
      9,
      13,
      18,
      25,
      35,
      49,
      68,
      94,
      131,
      182,
      253,
      351,
      487,
      675,
      937,
      1299,
      1802,
      2499
    ],