{
  "2": {
    "N": [
      5,
      6,
      9,
      13,
      18,
      25,
      35,
      49,
      68,
      94,
      131,
      182,
      253,
      351,
      487,
      675,
      937,
      1299,
      1802,
      2499
    ],
    "Cn": [
      1.6666666666666665,
      1.714285714285714,
      1.8,
      1.8571428571428565,
      1.8947368421052624,
      1.9230769230769231,
      1.9444444444444444,
      1.9600000000000002,
      1.9710144927536224,
      1.9789473684210535,
      1.9848484848484849,
      1.989071038251366,
      1.9921259842519683,
      1.994318181818182,
      1.995901639344262,
      1.997041420118343,
      1.9978678038379518,
      1.9984615384615372,
      1.9988907376594556,
      1.9992000000000014
    ],
    "C01": [
      1.6666666666666665,
      1.714285714285714,
      1.7999999999999998,
      1.8571428571428565,
      1.8947368421052628,
      1.9230769230769227,
      1.9444444444444444,
      1.96,
      1.9710144927536228,
      1.9789473684210535,
      1.9848484848484849,
      1.989071038251366,
      1.9921259842519683,
      1.994318181818182,
      1.9959016393442615,
      1.9970414201183435,
      1.9978678038379512,
      1.9984615384615374,
      1.9988907376594554,
      1.9992000000000014
    ]
  },
  "3": {
    "N": [
      5,
      6,
      9,
      13,
      18,
      25,
      35,
      49,
      68,
      94,
      131,
      182,
      253,
      351,
      487,
      675,
      937,
      1299,
      1802,
      2499
    ],
    "Cn": [
      1.4777777777777776,
      1.7428571428571424,
      2.2684126984126984,
      2.662818927104641,
      2.948398299327092,
      3.182160280345614,
      3.37257984233146,
      3.5216635729336456,
      3.6345473455229462,
      3.7210180983116086,
      3.7892053052711447,
      3.8407876046134652,
      3.880116848246995,
      3.9097792532569207,
      3.932241753027357,
      3.949155805244876,
      3.9619597762466796,
      3.971547844481056,
      3.9787595218039153,
      3.984158301340121
    ],
    "C01": [
      2.033333333333333,
      2.2326530612244895,
      2.6284126984126983,
      2.9281250495536204,
      3.1478442827065924,
      3.3300892744284547,
      3.4806045336894837,
      3.600063572933646,
      3.6916782003853705,
      3.7626801481731054,
      3.8192787671627877,
      3.86252608590583,
      3.895802879619058,
      3.921110606562706,
      3.9404216777787684,
      3.9550642118132733,
      3.966219622310301,
      3.9746224006940727,
      3.9809768160220624,
      3.9857576613401204
    ]
  },
  "4": {
    "N": [
      5,
      6,
      9,
      13,
      18,
      25,
      35,
      49,
      68,
      94,
      131,
      182,
      253,
      351,
      487,
      675,
      937,
      1299,
      1802,
      2499
    ],
    "Cn": [
      0.6,
      0.9365079365079364,
      1.819920634920635,
      2.6906405234976662,
      3.4504817785154662,
      4.168663393225634,
      4.831180724528124,
      5.4099069004571545,
      5.8921266588780705,
      6.294015128200955,
      6.636311039967474,
      6.914388591821423,
      7.140781306566267,
      7.322245550682947,
      7.467686550633071,
      7.5831922758769075,
      7.675137534949738,
      7.7473479082563355,
      7.804171084478986,
      7.848581619109927
    ],
    "C01": [
      2.0374074074074073,
      2.3842500809847746,
      3.176963592844545,
      3.8856526488336343,
      4.478345352436489,
      5.027973267923977,
      5.531217532868576,
      5.970625060127764,
      6.338114143385401,
      6.646195174275343,
      6.910475590093888,
      7.1268539025058955,
      7.304420410737369,
      7.44787314719381,
      7.563731284478826,
      7.656422823620705,
      7.730729176531387,
      7.789479856586705,
      7.836006960104268,
      7.872591113800879
    ]
  },
  "5": {
    "N": [
      5,
      6,
      9,
      13,
      18,
      25,
      35,
      49,
      68,
      94,
      131,
      182,
      253,
      351,
      487,
      675,
      937,
      1299,
      1802,
      2499
    ],
    "Cn": [
      0.08888888888888888,
      0.24761904761904763,
      0.92163139329806,
      1.898290708409756,
      2.9866257460358154,
      4.219305685116962,
      5.542726296266962,
      6.8596801670304055,
      8.08676594773496,
      9.213612007341693,
      10.261208099601166,
      11.183278691932447,
      11.99085500004457,
      12.683197245661383,
      13.2737433398648,
      13.770775524672835,
      14.188584673539191,
      14.534014925140916,
      14.819351059935858,
      15.052867374112873
    ],
    "C01": [
      1.8047777777777776,
      2.228166689805173,
      3.321080304402772,
      4.453589058358287,
      5.523701761304597,
      6.627389957272827,
      7.744166477554691,
      8.814921159127945,
      9.790471936672665,
      10.674733407771049,
      11.49092998710906,
      12.207013201561658,
      12.833855801591225,
      13.371945208176616,
      13.832061024816673,
      14.220588641174462,
      14.548431156912638,
      14.820600689257404,
      15.04639209153745,
      15.231993282898545
    ]
  },
  "6": {
    "N": [
      5,
      6,
      9,
      13,
      18,
      25,
      35,
      49,
      68,
      94,
      131,
      182,
      253,
      351,
      487,
      675,
      937,
      1299,
      1802,
      2499
    ],
    "Cn": [
      0.0,
      0.025396825396825397,
      0.2933862433862434,
      0.947544715719319,
      1.9341362640873572,
      3.319646570292746,
      5.091684123727684,
      7.134539939099279,
      9.289612784826145,
      11.49114960480627,
      13.742613887615816,
      15.903459996909792,
      17.95032738281071,
      19.83573160048916,
      21.553904410065677,
      23.09164198171513,
      24.46075041201862,
      25.655503057269133,
      26.693906862819233,
      27.585657010988673
    ],
    "C01": [
      1.4744316872427983,
      1.9004176432953053,
      3.115456379322037,
      4.541336026523017,
      6.041032837383162,
      7.74421933136858,
      9.634794358820216,
      11.614476852847279,
      13.571692046986216,
      15.484491438025442,
      17.380407393717874,
      19.160112892401028,
      20.82013191694193,
      22.333018669778568,
      23.701883671644534,
      24.921357881585358,
      26.004145875560756,
      26.947799381561158,
      27.767761118987114,
      28.472313941671125
    ]
  },
  "7": {
    "N": [
      5,
      6,
      9,
      13,
      18,
      25,
      35,
      49,
      68,
      94,
      131,
      182,
      253,
      351,
      487,
      675,
      937,
      1299,
      1802,
      2499
    ],
    "Cn": [
      0.0,
      0.0,
      0.05689594356261023,
      0.33859026482042354,
      0.9527981511558139,
      2.061057136200443,
      3.788538370528111,
      6.1318360260435965,
      8.961686086033277,
      12.204224840783247,
      15.876127450790854,
      19.739255878232587,
      23.714316035812722,
      27.66268203463587,
      31.5188401371637,
      35.19855547850677,
      38.67669066445913,
      41.88692545045729,
      44.82802657681706,
      47.48271043511856
    ],
    "C01": [
      1.1396955144032923,
      1.5198583390014802,
      2.695317397660929,
      4.224664624352686,
      5.98848388201001,
      8.170330300966265,
      10.804473034952213,
      13.796760016712891,
      16.990553294375157,
      20.342993044476383,
      23.90055072323118,
      27.4652095992124,
      31.00161438008998,
      34.41852024785489,
      37.686235285065806,
      40.75476703747603,
      43.61978072030051,
      46.23946592308049,
      48.62261925921305,
      50.76238190013407
    ]
  },
  "8": {
    "N": [
      5,
      6,
      9,
      13,
      18,
      25,
      35,
      49,
      68,
      94,
      131,
      182,
      253,
      351,
      487,
      675,
      937,
      1299,
      1802,
      2499
    ],