{
  "2": {
    "N": [
      5,
      6,
      9,
      13,
      18,
      25,
      35,
      49,
      68,
      94,
      131,
      182,
      253,
      351,
      487,
      675,
      937,
      1299,
      1802,
      2499
    ],
    "Cn": [
      2.5,
      2.6666666666666665,
      2.9999999999999996,
      3.2500000000000004,
      3.4285714285714284,
      3.571428571428571,
      3.6842105263157885,
      3.7692307692307696,
      3.8309859154929575,
      3.8762886597938153,
      3.91044776119403,
      3.935135135135135,
      3.953125,
      3.9661016949152548,
      3.9755102040816324,
      3.9823008849557517,
      3.987234042553191,
      3.9907834101382487,
      3.993351800554017,
      3.9952038369304557
    ],
    "C01": [
      2.5,
      2.6666666666666665,
      2.999999999999999,
      3.2500000000000004,
      3.428571428571429,
      3.5714285714285707,
      3.6842105263157894,
      3.7692307692307696,
      3.830985915492957,
      3.8762886597938153,
      3.91044776119403,
      3.9351351351351354,
      3.9531250000000004,
      3.9661016949152548,
      3.9755102040816324,
      3.982300884955752,
      3.9872340425531907,
      3.990783410138249,
      3.993351800554017,
      3.9952038369304566
    ]
  },
  "3": {
    "N": [
      5,
      6,
      9,
      13,
      18,
      25,
      35,
      49,
      68,
      94,
      131,
      182,
      253,
      351,
      487,
      675,
      937,
      1299,
      1802,
      2499
    ],
    "Cn": [
      2.4897959183673466,
      3.1054421768707483,
      4.568980716253443,
      5.962368345939774,
      7.200789175674531,
      8.414646822984285,
      9.584235630644477,
      10.651934850290347,
      11.577895897900497,
      12.376441227740171,
      13.076416747583155,
      13.658503019326918,
      14.140974039265322,
      14.532798314426534,
      14.849627625395549,
      15.102546696457846,
      15.304277722022897,
      15.462596749525597,
      15.586805225794174,
      15.68340140933922
    ],
    "C01": [
      2.6683673469387754,
      3.2324263038548753,
      4.623526170798898,
      5.985582631654061,
      7.211100668692792,
      8.41900754163072,
      9.585982529898303,
      10.652617064004234,
      11.578164009940778,
      12.376546390210592,
      13.07645664156262,
      13.658518180410832,
      14.14097976113453,
      14.532800478412582,
      14.849628441375245,
      15.102547004478794,
      15.304277837603964,
      15.462596793020438,
      15.58680524211865,
      15.683401415468495
    ]
  },
  "4": {
    "N": [
      5,
      6,
      9,
      13,
      18,
      25,
      35,
      49,
      68,
      94,
      131,
      182,
      253,
      351,
      487,
      675,
      937,
      1299,
      1802,
      2499
    ],
    "Cn": [
      0.7934693877551019,
      1.322215743440233,
      3.036577275538315,
      5.295054007644989,
      7.8681195294935895,
      10.978395918855721,
      14.620479265879409,
      18.612833371107577,
      22.713158215222702,
      26.847392903853905,
      31.051516246053808,
      35.07915911498843,
      38.89331040931795,
      42.40562548262933,
      45.602559321204524,
      48.45615123236851,
      50.9856251120288,
      53.179154068608284,
      55.07018010470517,
      56.67807101221369
    ],
    "C01": [
      1.6686151603498542,
      2.22390562574236,
      3.9287449737721287,
      6.115872115937675,
      8.593372040371971,
      11.592459714643251,
      15.119657910344076,
      19.006443218964677,
      23.018238107169697,
      27.080398442868162,
      31.225796987178406,
      35.208474160408926,
      38.988443317291335,
      42.4753257176592,
      45.65339831605705,
      48.49315031597291,
      51.01244823019922,
      53.19859114096667,
      55.084238367933345,
      56.688232714872136
    ]
  },
  "5": {
    "N": [
      5,
      6,
      9,
      13,
      18,
      25,
      35,
      49,
      68,
      94,
      131,
      182,
      253,
      351,
      487,
      675,
      937,
      1299,
      1802,
      2499
    ],
    "Cn": [
      0.07053061224489796,
      0.20739358600583088,
      0.92192662699082,
      2.33393439855302,
      4.4840569167282505,
      7.785058139001169,
      12.58981381601086,
      19.020405879204237,
      26.93321015280369,
      36.3360375059663,
      47.4929298575352,
      59.857932623396614,
      73.28178215018256,
      87.34253547081633,
      101.79627917193193,
      116.2746626879013,
      130.59665310018528,
      144.38427518692743,
      157.51308482981742,
      169.7870543031414
    ],
    "C01": [
      0.8272051228654727,
      1.1648697250631166,
      2.354989195834884,
      4.190950640771189,
      6.665747733642561,
      10.211140479882816,
      15.157573980417515,
      21.614934055239768,
      29.45352961224542,
      38.705239848319394,
      49.651302949469354,
      61.77570569684076,
      74.94775608727699,
      88.76344224192293,
      102.98817280415591,
      117.26077189839673,
      131.4016467578113,
      145.03484652614054,
      158.03367860721056,
      170.200284013204
    ]
  },
  "6": {
    "N": [
      5,
      6,
      9,
      13,
      18,
      25,
      35,
      49,
      68,
      94,
      131,
      182,
      253,
      351,
      487,
      675,
      937,
      1299,
      1802,
      2499
    ],
    "Cn": [
      0.0,
      0.010075801749271137,
      0.1356284413174951,
      0.5487948999894889,
      1.422150857449021,
      3.1623900062569827,
      6.359509820955658,
      11.647094295854185,
      19.52012992286823,
      30.64185086790745,
      46.160281338308344,
      66.19106112557755,
      91.26755444156706,
      121.29693491481089,
      156.31619645658319,
      195.84284249517617,
      239.6415078821605,
      286.61809533051894,
      336.20120157850056,
      387.3493400468599
    ],
    "C01": [
      0.367986133753793,
      0.5340041234778475,
      1.1678835854312486,
      2.2631508295514844,
      3.9203892156574045,
      6.5982623943895256,
      10.852910464832657,
      17.217605899284074,
      26.074084030321835,
      38.028476733553134,
      54.196484011968366,
      74.63072986182682,
      99.8611557141895,
      129.80776889899428,
      164.53877997522852,
      203.61364402487584,
      246.83780708206618,
      293.1657735797606,
      342.062012072039,
      392.5199225421389
    ]
  },
  "7": {
    "N": [
      5,
      6,
      9,
      13,
      18,
      25,
      35,
      49,
      68,
      94,
      131,
      182,
      253,
      351,
      487,
      675,
      937,
      1299,
      1802,
      2499
    ],
    "Cn": [
      0.0,
      0.0,
      0.00980063706238103,
      0.07292804046525438,
      0.267236686796014,
      0.7815843418276653,
      1.9907472680738771,
      4.484241260001292,
      9.00660467297348,
      16.643908086309267,
      29.242738542095182,
      48.27636845735155,
      75.88406792301996,
      113.85023581951674,
      164.29137810680297,
      228.6990826913135,
      308.9462413286982,
      405.17758146578433,
      518.1413433496213,
      647.1318584287885
    ],
    "C01": [
      0.15524962791863936,
      0.22892284947397823,
      0.5230635894485567,
      1.0661528840816648,
      1.9490947866121995,
      3.4939029994735553,
      6.181844153078089,
      10.627860622144313,
      17.504626108553833,
      27.8514710489587,
      43.51143812833855,
      65.70584277077867,
      96.42694894730649,
      137.25386181408706,
      190.16065654048833,
      256.5054717989511,
      338.0923598433503,
      435.01916925752994,
      548.0503361868429,
      676.5267266969075
    ]
  },
  "8": {
    "N": [
      5,
      6,
      9,
      13,
      18,
      25,
      35,
      49,
      68,
      94,
      131,
      182,
      253,
      351,
      487,
      675,
      937,
      1299,
      1802,
      2499
    ],